{
  "profile": {
    "name": "Renan Borba",
    "avatar_url": "https://randomuser.me/api/portraits/lego/5.jpg"
  },
  "suggestions": [
    {
      "id": 1,
      "title": "Bebidas",
      "sugg_url": "https://live.staticflickr.com/3567/3358256632_231074ae3c_c.jpg"
    },
    {
      "id": 2,
      "title": "Café & Padaria",
      "sugg_url": "https://live.staticflickr.com/131/344713294_8fae6be5e1_b.jpg"
    },
    {
      "id": 3,
      "title": "Doces",
      "sugg_url": "https://live.staticflickr.com/5559/14657787373_4e325006da_h.jpg"
    },
    {
      "id": 4,
      "title": "Promoções",
      "sugg_url": "https://static-images.ifood.com.br/image/upload/f_auto,t_medium/pratos/704d4888-f4f4-4ad5-b520-6a2cd631f854/201907291413_dUKd_3.png"
    },
    {
      "id": 5,
      "title": "Doação",
      "sugg_url": "https://static-images.ifood.com.br/image/upload/f_auto,t_medium/pratos/b967e2f9-fe05-471d-913e-4fe463d5dbb9/201912171124_jD6O_i.png"
    }
  ],
  "promotions": [
    {
      "id": 1,
      "categorie": "OS MELHORES DO IFOOD",
      "promo_url": "https://static-images.ifood.com.br/image/upload/f_auto,t_high/discoveries/ifood-capas-novas-super-restaurantes2.jpg"
    },
    {
      "id": 2,
      "categorie": "JANTAR IFOOD",
      "promo_url": "https://static-images.ifood.com.br/image/upload/f_auto,t_high/discoveries/ifood-capas-novas-jantar10-2.jpg"
    },
    {
      "id": 3,
      "categorie": "TAXA NA FAIXA",
      "promo_url": "https://static-images.ifood.com.br/image/upload/f_auto,t_high/discoveries/ifood-capas-novas-taxa-gratis.jpg"
    },
    {
      "id": 4,
      "categorie": "PROMOÇÕES POR R$4,99",
      "promo_url": "https://static-images.ifood.com.br/image/upload/f_auto,t_high/discoveries/ifood-capas-tudo-por-10-reais.png"
    }
  ],
  "offers": [
    {
      "id": 1,
      "title": "McOferta Big Mac",
      "offer_url": "https://mcd-production.ams3.digitaloceanspaces.com/produtos/bigmac_62364267588f60a0780c9_7.jpg",
      "price": 30.90,
      "newPrice": 26.50,
      "ingredients": "Ingredientes frescos",
      "delivery": "McDonalds's | Bebedouro Shopping",
      "delay": "45-90 min",
      "icon": "store"
    },
    {
      "id": 2,
      "title": "McOferta McChicken",
      "offer_url": "https://www.mcdonalds.com/is/image/content/dam/usa/nfl/nutrition/items/hero/desktop/t-mcdonalds-McChicken.jpg",
      "price": 22.00,
      "newPrice": 17.90,
      "ingredients": "Ingredientes frescos",
      "delivery": "McDonalds's | Bebedouro Shopping",
      "delay": "45-90 min",
      "icon": "store"
    },
    {
      "id": 3,
      "title": "Combo Big King",
      "offer_url": "https://static-images.ifood.com.br/image/upload/f_auto,t_medium/pratos/6e73dce2-a17f-4aef-9035-1409cea198fe/202002111702_EFlu_.jpeg",
      "price": 32.00,
      "newPrice": 28.90,
      "ingredients": "Ingredientes frescos",
      "delivery": "BURGER KING® | Bebedouro Shopping",
      "delay": "45-90 min",
      "icon": "store"
    },
    {
      "id": 4,
      "title": "Compre 1 leve 2 (frango empanado de 15)",
      "offer_url": "https://static-images.ifood.com.br/image/upload/f_auto,t_medium/pratos/f627d0e7-f129-4764-8f00-18814b1b9068/201907171144_TLPZ_f.jpg",
      "price": 45.90,
      "newPrice": 22.90,
      "ingredients": "Ingredientes frescos",
      "delivery": "Subway® - Praça Valêncio de Barros",
      "delay": "35-70 min",
      "icon": "store"
    }
  ],
  "categories": [
    {
      "id": 1,
      "title": "Brasileira",
      "categorie_url": "https://farm4.static.flickr.com/3748/9699877429_68d829c600_c.jpg"
    },
    {
      "id": 2,
      "title": "Carnes",
      "categorie_url": "https://farm9.static.flickr.com/8026/28997985340_97bbd9966f_c.jpg"
    },
    {
      "id": 3,
      "title": "Lanches",
      "categorie_url": "https://farm9.static.flickr.com/8532/8607941081_64837859f9_c.jpg"
    },
    {
      "id": 4,
      "title": "Japonesa",
      "categorie_url": "https://live.staticflickr.com/152/348622907_d759f02862_b.jpg"
    },
    {
      "id": 5,
      "title": "Italiana",
      "categorie_url": "https://live.staticflickr.com/4130/4957272425_85d2dd19df_b.jpg"
    },
    {
      "id": 6,
      "title": "Pizza",
      "categorie_url": "https://live.staticflickr.com/7557/16024361559_ea0788337d_h.jpg"
    },
    {
      "id": 7,
      "title": "Salgados & Pastéis",
      "categorie_url": "https://farm3.static.flickr.com/2831/9721033596_f65752349e_b.jpg"
    },
    {
      "id": 8,
      "title": "Saudável",
      "categorie_url": "https://farm8.static.flickr.com/7336/8716617128_be1c8d8cf3_b.jpg"
    },
    {
      "id": 9,
      "title": "Congelados",
      "categorie_url": "https://live.staticflickr.com/5251/5559164555_c205dceda3_h.jpg"
    },
    {
      "id": 10,
      "title": "Marmitas",
      "categorie_url": "https://live.staticflickr.com/8304/7890484144_c17caf95b9_c.jpg"
    },
    {
      "id": 11,
      "title": "Doces & Sorvetes",
      "categorie_url": "https://live.staticflickr.com/3570/3544235183_eae55601ba_b.jpg"
    },
    {
      "id": 12,
      "title": "Bebidas",
      "categorie_url": "https://live.staticflickr.com/1819/42231172380_96c6ad5390_h.jpg"
    }
  ],
  "restaurants": [
    {
      "id": 1,
      "restaurant_url": "https://static-images.ifood.com.br/image/upload/f_auto,t_thumbnail/logosgde/201907222152_777201af-bd2b-456c-ba4c-f89d671a9b5e.png",
      "title": "McDonald's",
      "star": 4.7,
      "categories": [
        "Lanches"
    ],
      "delay": "45-90 min",
      "distance": "3.4 km"
    },
    {
      "id": 2,
      "restaurant_url": "https://static-images.ifood.com.br/image/upload/f_auto,t_thumbnail/logosgde/202002272108_30f00633-e7d9-4b30-883b-8f701353a6af.png",
      "title": "Burger King",
      "star": 4.6,
      "categories": [
        "Lanches"
    ],
      "delay": "45-90 min",
      "distance": "3.4 km"
    },
    {
      "id": 3,
      "restaurant_url": "https://static-images.ifood.com.br/image/upload/f_auto,t_thumbnail/logosgde/201901041516_adfc3efe-3950-4d8d-b2af-e103445aa79a.png",
      "title": "Subway",
      "star": 4.4,
      "categories": [
        "Lanches"
    ],
      "delay": "35-70 min",
      "distance": "2.3 km"
    },
    {
      "id": 4,
      "restaurant_url": "https://static-images.ifood.com.br/image/upload/f_auto,t_thumbnail/logosgde/a20ae81a-7345-4165-91cc-35ec91020637/201910281151_3TRJ_i.png",
      "title": "Sushi da Facul",
      "star": 4.3,
      "categories": [
        "Japonesa"
    ],
      "delay": "40-50 min",
      "distance": "1.7 km"
    },
    {
      "id": 5,
      "restaurant_url": "https://static-images.ifood.com.br/image/upload/f_auto,t_thumbnail/logosgde/02602d2b-d6cb-469f-92d4-2e4518c4acbd/201911221041_W80r_i.png",
      "title": "Pimentas Bar",
      "star": 4.2,
      "categories": [
        "Brasileira"
    ],
      "delay": "50-60 min",
      "distance": "2.4 km"
    }
  ],
  "purchases": [
    {
      "id": 1,
      "date": "Seg - 09 de março de 2020",
      "restaurant_name": "McDonalds's",
      "restaurant_url": "https://static-images.ifood.com.br/image/upload/f_auto,t_thumbnail/logosgde/201907222152_777201af-bd2b-456c-ba4c-f89d671a9b5e.png",
      "order_number": 6428,
      "order": "1 McChicken por R$24,90"
    },
    {
      "id": 2,
      "date": "Seg - 09 de março de 2020",
      "restaurant_name": "Subway",
      "restaurant_url": "https://static-images.ifood.com.br/image/upload/f_auto,t_thumbnail/logosgde/201901041516_adfc3efe-3950-4d8d-b2af-e103445aa79a.png",
      "order_number": 7726,
      "order": "Super combo steak churrasco (30 cm) por R$32,50"
    },
    {
      "id": 3,
      "date": "Seg - 09 de março de 2020",
      "restaurant_name": "Burger King",
      "restaurant_url": "https://static-images.ifood.com.br/image/upload/f_auto,t_thumbnail/logosgde/202002272108_30f00633-e7d9-4b30-883b-8f701353a6af.png",
      "order_number": 10153,
      "order": "2 Clássicos por R$14,90"
    }
  ]
}